date,title,description
16-Oct-2026 05:00 PM,Visit of Chief Guest,Start of festivities
16-Oct-2026 06:00 PM,Aladdin and His Magic Lamp,Skit By Toddlers
16-Oct-2026 06:30 PM,Chandrachura,Classical Group Dance
16-Oct-2026 07:00 PM,Classical and Kannada Dance Performance,Solo and Group Dances
16-Oct-2026 07:30 PM,Singing Performance,Solo Singing Performance
16-Oct-2026 08:00 PM,Movie Time,Movie: Durga
17-Oct-2026 06:00 PM,Pujor Jatra - Yo Devi,Kids Drama
17-Oct-2026 07:00 PM,Bollywood and Classical Dance,Kids Group Dance
17-Oct-2026 07:30 PM,Bhobomoyee Group Dance,Group Dance
17-Oct-2026 08:00 PM,Singing Performance,Solo and Group Singing Performance
18-Oct-2026 06:00 PM,Tribute to Gitanjali,Rabindrik Dance Performance
18-Oct-2026 07:00 PM,Solo Song Performance,Song by kids
18-Oct-2026 07:30 PM,Bandish Beats,Band Performance
19-Oct-2026 07:00 PM,IndRia Musical Band,Musical Band Performance
20-Oct-2026 07:00 PM,Dandiya Nights,Music and Dance
21-Oct-2026 09:00 AM,Sindoor Khela,Cultural Rituals
21-Oct-2026 03:00 PM,Devi Immersion,Durga Visarjan - Festivities End.
